domain,map_name,random_point_iteration,start_position,end_position,wight,solution_size,num_of_gen_nodes,num_of_expanded_nodes
topSpin,8,1,"2.0, 5.0, 0.0, 7.0, 6.0, 3.0, 4.0, 1.0","0.0, 1.0, 2.0, 3.0, 4.0, 5.0, 6.0, 7.0",1,5,408,174
topSpin,8,1,"2.0, 5.0, 0.0, 7.0, 6.0, 3.0, 4.0, 1.0","0.0, 1.0, 2.0, 3.0, 4.0, 5.0, 6.0, 7.0",2,5,318,89
topSpin,8,1,"2.0, 5.0, 0.0, 7.0, 6.0, 3.0, 4.0, 1.0","0.0, 1.0, 2.0, 3.0, 4.0, 5.0, 6.0, 7.0",3,5,193,43
topSpin,8,1,"2.0, 5.0, 0.0, 7.0, 6.0, 3.0, 4.0, 1.0","0.0, 1.0, 2.0, 3.0, 4.0, 5.0, 6.0, 7.0",4,5,193,43
topSpin,8,1,"2.0, 5.0, 0.0, 7.0, 6.0, 3.0, 4.0, 1.0","0.0, 1.0, 2.0, 3.0, 4.0, 5.0, 6.0, 7.0",5,5,165,36
topSpin,8,1,"2.0, 5.0, 0.0, 7.0, 6.0, 3.0, 4.0, 1.0","0.0, 1.0, 2.0, 3.0, 4.0, 5.0, 6.0, 7.0",6,5,175,36
topSpin,8,1,"2.0, 5.0, 0.0, 7.0, 6.0, 3.0, 4.0, 1.0","0.0, 1.0, 2.0, 3.0, 4.0, 5.0, 6.0, 7.0",7,5,175,36
topSpin,8,1,"2.0, 5.0, 0.0, 7.0, 6.0, 3.0, 4.0, 1.0","0.0, 1.0, 2.0, 3.0, 4.0, 5.0, 6.0, 7.0",8,5,175,36
topSpin,8,1,"2.0, 5.0, 0.0, 7.0, 6.0, 3.0, 4.0, 1.0","0.0, 1.0, 2.0, 3.0, 4.0, 5.0, 6.0, 7.0",9,5,183,37
topSpin,8,1,"2.0, 5.0, 0.0, 7.0, 6.0, 3.0, 4.0, 1.0","0.0, 1.0, 2.0, 3.0, 4.0, 5.0, 6.0, 7.0",10,5,183,37
topSpin,8,1,"2.0, 5.0, 0.0, 7.0, 6.0, 3.0, 4.0, 1.0","0.0, 1.0, 2.0, 3.0, 4.0, 5.0, 6.0, 7.0",11,5,183,37
topSpin,8,1,"2.0, 5.0, 0.0, 7.0, 6.0, 3.0, 4.0, 1.0","0.0, 1.0, 2.0, 3.0, 4.0, 5.0, 6.0, 7.0",12,5,257,52
topSpin,8,1,"2.0, 5.0, 0.0, 7.0, 6.0, 3.0, 4.0, 1.0","0.0, 1.0, 2.0, 3.0, 4.0, 5.0, 6.0, 7.0",13,5,257,52
topSpin,8,1,"2.0, 5.0, 0.0, 7.0, 6.0, 3.0, 4.0, 1.0","0.0, 1.0, 2.0, 3.0, 4.0, 5.0, 6.0, 7.0",14,5,257,52
topSpin,8,1,"2.0, 5.0, 0.0, 7.0, 6.0, 3.0, 4.0, 1.0","0.0, 1.0, 2.0, 3.0, 4.0, 5.0, 6.0, 7.0",15,5,267,54
topSpin,8,1,"2.0, 5.0, 0.0, 7.0, 6.0, 3.0, 4.0, 1.0","0.0, 1.0, 2.0, 3.0, 4.0, 5.0, 6.0, 7.0",16,5,267,54
topSpin,8,1,"2.0, 5.0, 0.0, 7.0, 6.0, 3.0, 4.0, 1.0","0.0, 1.0, 2.0, 3.0, 4.0, 5.0, 6.0, 7.0",17,5,267,54
topSpin,8,1,"2.0, 5.0, 0.0, 7.0, 6.0, 3.0, 4.0, 1.0","0.0, 1.0, 2.0, 3.0, 4.0, 5.0, 6.0, 7.0",18,9,215,43
topSpin,8,2,"6.0, 5.0, 4.0, 7.0, 0.0, 3.0, 2.0, 1.0","0.0, 1.0, 2.0, 3.0, 4.0, 5.0, 6.0, 7.0",1,6,536,347
topSpin,8,2,"6.0, 5.0, 4.0, 7.0, 0.0, 3.0, 2.0, 1.0","0.0, 1.0, 2.0, 3.0, 4.0, 5.0, 6.0, 7.0",2,6,497,196
topSpin,8,2,"6.0, 5.0, 4.0, 7.0, 0.0, 3.0, 2.0, 1.0","0.0, 1.0, 2.0, 3.0, 4.0, 5.0, 6.0, 7.0",3,6,394,100
topSpin,8,2,"6.0, 5.0, 4.0, 7.0, 0.0, 3.0, 2.0, 1.0","0.0, 1.0, 2.0, 3.0, 4.0, 5.0, 6.0, 7.0",4,6,394,100
topSpin,8,2,"6.0, 5.0, 4.0, 7.0, 0.0, 3.0, 2.0, 1.0","0.0, 1.0, 2.0, 3.0, 4.0, 5.0, 6.0, 7.0",5,6,318,73
topSpin,8,2,"6.0, 5.0, 4.0, 7.0, 0.0, 3.0, 2.0, 1.0","0.0, 1.0, 2.0, 3.0, 4.0, 5.0, 6.0, 7.0",6,6,372,78
topSpin,8,2,"6.0, 5.0, 4.0, 7.0, 0.0, 3.0, 2.0, 1.0","0.0, 1.0, 2.0, 3.0, 4.0, 5.0, 6.0, 7.0",7,6,372,78
topSpin,8,2,"6.0, 5.0, 4.0, 7.0, 0.0, 3.0, 2.0, 1.0","0.0, 1.0, 2.0, 3.0, 4.0, 5.0, 6.0, 7.0",8,6,372,78
topSpin,8,2,"6.0, 5.0, 4.0, 7.0, 0.0, 3.0, 2.0, 1.0","0.0, 1.0, 2.0, 3.0, 4.0, 5.0, 6.0, 7.0",9,8,355,72
topSpin,8,2,"6.0, 5.0, 4.0, 7.0, 0.0, 3.0, 2.0, 1.0","0.0, 1.0, 2.0, 3.0, 4.0, 5.0, 6.0, 7.0",10,8,355,72
topSpin,8,2,"6.0, 5.0, 4.0, 7.0, 0.0, 3.0, 2.0, 1.0","0.0, 1.0, 2.0, 3.0, 4.0, 5.0, 6.0, 7.0",11,8,355,72
topSpin,8,2,"6.0, 5.0, 4.0, 7.0, 0.0, 3.0, 2.0, 1.0","0.0, 1.0, 2.0, 3.0, 4.0, 5.0, 6.0, 7.0",12,8,270,47
topSpin,8,2,"6.0, 5.0, 4.0, 7.0, 0.0, 3.0, 2.0, 1.0","0.0, 1.0, 2.0, 3.0, 4.0, 5.0, 6.0, 7.0",13,8,270,47
topSpin,8,2,"6.0, 5.0, 4.0, 7.0, 0.0, 3.0, 2.0, 1.0","0.0, 1.0, 2.0, 3.0, 4.0, 5.0, 6.0, 7.0",14,8,270,47
topSpin,8,2,"6.0, 5.0, 4.0, 7.0, 0.0, 3.0, 2.0, 1.0","0.0, 1.0, 2.0, 3.0, 4.0, 5.0, 6.0, 7.0",15,8,197,33
topSpin,8,2,"6.0, 5.0, 4.0, 7.0, 0.0, 3.0, 2.0, 1.0","0.0, 1.0, 2.0, 3.0, 4.0, 5.0, 6.0, 7.0",16,8,197,33
topSpin,8,2,"6.0, 5.0, 4.0, 7.0, 0.0, 3.0, 2.0, 1.0","0.0, 1.0, 2.0, 3.0, 4.0, 5.0, 6.0, 7.0",17,8,197,33
topSpin,8,2,"6.0, 5.0, 4.0, 7.0, 0.0, 3.0, 2.0, 1.0","0.0, 1.0, 2.0, 3.0, 4.0, 5.0, 6.0, 7.0",18,8,133,22
topSpin,8,3,"0.0, 1.0, 6.0, 3.0, 4.0, 7.0, 2.0, 5.0","0.0, 1.0, 2.0, 3.0, 4.0, 5.0, 6.0, 7.0",1,4,227,66
topSpin,8,3,"0.0, 1.0, 6.0, 3.0, 4.0, 7.0, 2.0, 5.0","0.0, 1.0, 2.0, 3.0, 4.0, 5.0, 6.0, 7.0",2,4,158,36
topSpin,8,3,"0.0, 1.0, 6.0, 3.0, 4.0, 7.0, 2.0, 5.0","0.0, 1.0, 2.0, 3.0, 4.0, 5.0, 6.0, 7.0",3,4,109,23
topSpin,8,3,"0.0, 1.0, 6.0, 3.0, 4.0, 7.0, 2.0, 5.0","0.0, 1.0, 2.0, 3.0, 4.0, 5.0, 6.0, 7.0",4,4,109,23
topSpin,8,3,"0.0, 1.0, 6.0, 3.0, 4.0, 7.0, 2.0, 5.0","0.0, 1.0, 2.0, 3.0, 4.0, 5.0, 6.0, 7.0",5,4,109,23
topSpin,8,3,"0.0, 1.0, 6.0, 3.0, 4.0, 7.0, 2.0, 5.0","0.0, 1.0, 2.0, 3.0, 4.0, 5.0, 6.0, 7.0",6,4,106,21
topSpin,8,4,"2.0, 1.0, 6.0, 5.0, 0.0, 7.0, 4.0, 3.0","0.0, 1.0, 2.0, 3.0, 4.0, 5.0, 6.0, 7.0",1,5,397,168
topSpin,8,4,"2.0, 1.0, 6.0, 5.0, 0.0, 7.0, 4.0, 3.0","0.0, 1.0, 2.0, 3.0, 4.0, 5.0, 6.0, 7.0",2,5,294,88
topSpin,8,4,"2.0, 1.0, 6.0, 5.0, 0.0, 7.0, 4.0, 3.0","0.0, 1.0, 2.0, 3.0, 4.0, 5.0, 6.0, 7.0",3,5,287,61
topSpin,8,4,"2.0, 1.0, 6.0, 5.0, 0.0, 7.0, 4.0, 3.0","0.0, 1.0, 2.0, 3.0, 4.0, 5.0, 6.0, 7.0",4,5,287,61
topSpin,8,4,"2.0, 1.0, 6.0, 5.0, 0.0, 7.0, 4.0, 3.0","0.0, 1.0, 2.0, 3.0, 4.0, 5.0, 6.0, 7.0",5,5,88,15
topSpin,8,4,"2.0, 1.0, 6.0, 5.0, 0.0, 7.0, 4.0, 3.0","0.0, 1.0, 2.0, 3.0, 4.0, 5.0, 6.0, 7.0",6,5,106,19
topSpin,8,4,"2.0, 1.0, 6.0, 5.0, 0.0, 7.0, 4.0, 3.0","0.0, 1.0, 2.0, 3.0, 4.0, 5.0, 6.0, 7.0",7,5,106,19
topSpin,8,4,"2.0, 1.0, 6.0, 5.0, 0.0, 7.0, 4.0, 3.0","0.0, 1.0, 2.0, 3.0, 4.0, 5.0, 6.0, 7.0",8,5,106,19
topSpin,8,4,"2.0, 1.0, 6.0, 5.0, 0.0, 7.0, 4.0, 3.0","0.0, 1.0, 2.0, 3.0, 4.0, 5.0, 6.0, 7.0",9,5,126,24
topSpin,8,4,"2.0, 1.0, 6.0, 5.0, 0.0, 7.0, 4.0, 3.0","0.0, 1.0, 2.0, 3.0, 4.0, 5.0, 6.0, 7.0",10,5,126,24
topSpin,8,4,"2.0, 1.0, 6.0, 5.0, 0.0, 7.0, 4.0, 3.0","0.0, 1.0, 2.0, 3.0, 4.0, 5.0, 6.0, 7.0",11,5,126,24
topSpin,8,4,"2.0, 1.0, 6.0, 5.0, 0.0, 7.0, 4.0, 3.0","0.0, 1.0, 2.0, 3.0, 4.0, 5.0, 6.0, 7.0",12,5,144,28
topSpin,8,5,"0.0, 7.0, 4.0, 5.0, 2.0, 3.0, 6.0, 1.0","0.0, 1.0, 2.0, 3.0, 4.0, 5.0, 6.0, 7.0",1,3,89,18
topSpin,8,5,"0.0, 7.0, 4.0, 5.0, 2.0, 3.0, 6.0, 1.0","0.0, 1.0, 2.0, 3.0, 4.0, 5.0, 6.0, 7.0",2,3,51,8
topSpin,8,5,"0.0, 7.0, 4.0, 5.0, 2.0, 3.0, 6.0, 1.0","0.0, 1.0, 2.0, 3.0, 4.0, 5.0, 6.0, 7.0",3,3,44,7
topSpin,8,6,"0.0, 3.0, 4.0, 5.0, 2.0, 7.0, 6.0, 1.0","0.0, 1.0, 2.0, 3.0, 4.0, 5.0, 6.0, 7.0",1,4,218,64
topSpin,8,6,"0.0, 3.0, 4.0, 5.0, 2.0, 7.0, 6.0, 1.0","0.0, 1.0, 2.0, 3.0, 4.0, 5.0, 6.0, 7.0",2,4,116,23
topSpin,8,6,"0.0, 3.0, 4.0, 5.0, 2.0, 7.0, 6.0, 1.0","0.0, 1.0, 2.0, 3.0, 4.0, 5.0, 6.0, 7.0",3,4,91,16
topSpin,8,6,"0.0, 3.0, 4.0, 5.0, 2.0, 7.0, 6.0, 1.0","0.0, 1.0, 2.0, 3.0, 4.0, 5.0, 6.0, 7.0",4,4,91,16
topSpin,8,6,"0.0, 3.0, 4.0, 5.0, 2.0, 7.0, 6.0, 1.0","0.0, 1.0, 2.0, 3.0, 4.0, 5.0, 6.0, 7.0",5,4,91,16
topSpin,8,6,"0.0, 3.0, 4.0, 5.0, 2.0, 7.0, 6.0, 1.0","0.0, 1.0, 2.0, 3.0, 4.0, 5.0, 6.0, 7.0",6,4,77,13
topSpin,8,7,"4.0, 1.0, 2.0, 7.0, 6.0, 3.0, 0.0, 5.0","0.0, 1.0, 2.0, 3.0, 4.0, 5.0, 6.0, 7.0",1,4,214,61
topSpin,8,7,"4.0, 1.0, 2.0, 7.0, 6.0, 3.0, 0.0, 5.0","0.0, 1.0, 2.0, 3.0, 4.0, 5.0, 6.0, 7.0",2,4,152,34
topSpin,8,7,"4.0, 1.0, 2.0, 7.0, 6.0, 3.0, 0.0, 5.0","0.0, 1.0, 2.0, 3.0, 4.0, 5.0, 6.0, 7.0",3,4,85,15
topSpin,8,7,"4.0, 1.0, 2.0, 7.0, 6.0, 3.0, 0.0, 5.0","0.0, 1.0, 2.0, 3.0, 4.0, 5.0, 6.0, 7.0",4,4,85,15
topSpin,8,7,"4.0, 1.0, 2.0, 7.0, 6.0, 3.0, 0.0, 5.0","0.0, 1.0, 2.0, 3.0, 4.0, 5.0, 6.0, 7.0",5,4,85,15
topSpin,8,7,"4.0, 1.0, 2.0, 7.0, 6.0, 3.0, 0.0, 5.0","0.0, 1.0, 2.0, 3.0, 4.0, 5.0, 6.0, 7.0",6,4,67,11
topSpin,8,8,"6.0, 7.0, 0.0, 3.0, 2.0, 5.0, 4.0, 1.0","0.0, 1.0, 2.0, 3.0, 4.0, 5.0, 6.0, 7.0",1,4,213,64
topSpin,8,8,"6.0, 7.0, 0.0, 3.0, 2.0, 5.0, 4.0, 1.0","0.0, 1.0, 2.0, 3.0, 4.0, 5.0, 6.0, 7.0",2,4,120,25
topSpin,8,8,"6.0, 7.0, 0.0, 3.0, 2.0, 5.0, 4.0, 1.0","0.0, 1.0, 2.0, 3.0, 4.0, 5.0, 6.0, 7.0",3,4,94,16
topSpin,8,8,"6.0, 7.0, 0.0, 3.0, 2.0, 5.0, 4.0, 1.0","0.0, 1.0, 2.0, 3.0, 4.0, 5.0, 6.0, 7.0",4,4,94,16
topSpin,8,8,"6.0, 7.0, 0.0, 3.0, 2.0, 5.0, 4.0, 1.0","0.0, 1.0, 2.0, 3.0, 4.0, 5.0, 6.0, 7.0",5,4,94,16
topSpin,8,8,"6.0, 7.0, 0.0, 3.0, 2.0, 5.0, 4.0, 1.0","0.0, 1.0, 2.0, 3.0, 4.0, 5.0, 6.0, 7.0",6,4,94,16
topSpin,8,8,"6.0, 7.0, 0.0, 3.0, 2.0, 5.0, 4.0, 1.0","0.0, 1.0, 2.0, 3.0, 4.0, 5.0, 6.0, 7.0",7,4,94,16
topSpin,8,8,"6.0, 7.0, 0.0, 3.0, 2.0, 5.0, 4.0, 1.0","0.0, 1.0, 2.0, 3.0, 4.0, 5.0, 6.0, 7.0",8,4,94,16
topSpin,8,8,"6.0, 7.0, 0.0, 3.0, 2.0, 5.0, 4.0, 1.0","0.0, 1.0, 2.0, 3.0, 4.0, 5.0, 6.0, 7.0",9,4,100,17
topSpin,8,8,"6.0, 7.0, 0.0, 3.0, 2.0, 5.0, 4.0, 1.0","0.0, 1.0, 2.0, 3.0, 4.0, 5.0, 6.0, 7.0",10,4,100,17
topSpin,8,8,"6.0, 7.0, 0.0, 3.0, 2.0, 5.0, 4.0, 1.0","0.0, 1.0, 2.0, 3.0, 4.0, 5.0, 6.0, 7.0",11,4,100,17
topSpin,8,8,"6.0, 7.0, 0.0, 3.0, 2.0, 5.0, 4.0, 1.0","0.0, 1.0, 2.0, 3.0, 4.0, 5.0, 6.0, 7.0",12,4,153,27
topSpin,8,8,"6.0, 7.0, 0.0, 3.0, 2.0, 5.0, 4.0, 1.0","0.0, 1.0, 2.0, 3.0, 4.0, 5.0, 6.0, 7.0",13,4,153,27
topSpin,8,8,"6.0, 7.0, 0.0, 3.0, 2.0, 5.0, 4.0, 1.0","0.0, 1.0, 2.0, 3.0, 4.0, 5.0, 6.0, 7.0",14,4,153,27
topSpin,8,8,"6.0, 7.0, 0.0, 3.0, 2.0, 5.0, 4.0, 1.0","0.0, 1.0, 2.0, 3.0, 4.0, 5.0, 6.0, 7.0",15,4,164,29
topSpin,8,8,"6.0, 7.0, 0.0, 3.0, 2.0, 5.0, 4.0, 1.0","0.0, 1.0, 2.0, 3.0, 4.0, 5.0, 6.0, 7.0",16,4,164,29
topSpin,8,8,"6.0, 7.0, 0.0, 3.0, 2.0, 5.0, 4.0, 1.0","0.0, 1.0, 2.0, 3.0, 4.0, 5.0, 6.0, 7.0",17,4,164,29
topSpin,8,8,"6.0, 7.0, 0.0, 3.0, 2.0, 5.0, 4.0, 1.0","0.0, 1.0, 2.0, 3.0, 4.0, 5.0, 6.0, 7.0",18,8,160,28
topSpin,8,9,"4.0, 5.0, 2.0, 3.0, 6.0, 1.0, 0.0, 7.0","0.0, 1.0, 2.0, 3.0, 4.0, 5.0, 6.0, 7.0",1,5,415,179
topSpin,8,9,"4.0, 5.0, 2.0, 3.0, 6.0, 1.0, 0.0, 7.0","0.0, 1.0, 2.0, 3.0, 4.0, 5.0, 6.0, 7.0",2,5,297,91
topSpin,8,9,"4.0, 5.0, 2.0, 3.0, 6.0, 1.0, 0.0, 7.0","0.0, 1.0, 2.0, 3.0, 4.0, 5.0, 6.0, 7.0",3,5,225,54
topSpin,8,9,"4.0, 5.0, 2.0, 3.0, 6.0, 1.0, 0.0, 7.0","0.0, 1.0, 2.0, 3.0, 4.0, 5.0, 6.0, 7.0",4,5,225,54
topSpin,8,9,"4.0, 5.0, 2.0, 3.0, 6.0, 1.0, 0.0, 7.0","0.0, 1.0, 2.0, 3.0, 4.0, 5.0, 6.0, 7.0",5,5,193,44
topSpin,8,9,"4.0, 5.0, 2.0, 3.0, 6.0, 1.0, 0.0, 7.0","0.0, 1.0, 2.0, 3.0, 4.0, 5.0, 6.0, 7.0",6,5,114,22
topSpin,8,9,"4.0, 5.0, 2.0, 3.0, 6.0, 1.0, 0.0, 7.0","0.0, 1.0, 2.0, 3.0, 4.0, 5.0, 6.0, 7.0",7,5,114,22
topSpin,8,9,"4.0, 5.0, 2.0, 3.0, 6.0, 1.0, 0.0, 7.0","0.0, 1.0, 2.0, 3.0, 4.0, 5.0, 6.0, 7.0",8,5,114,22
topSpin,8,9,"4.0, 5.0, 2.0, 3.0, 6.0, 1.0, 0.0, 7.0","0.0, 1.0, 2.0, 3.0, 4.0, 5.0, 6.0, 7.0",9,5,121,23
topSpin,8,10,"0.0, 1.0, 6.0, 7.0, 2.0, 3.0, 4.0, 5.0","0.0, 1.0, 2.0, 3.0, 4.0, 5.0, 6.0, 7.0",1,4,217,64
topSpin,8,10,"0.0, 1.0, 6.0, 7.0, 2.0, 3.0, 4.0, 5.0","0.0, 1.0, 2.0, 3.0, 4.0, 5.0, 6.0, 7.0",2,4,191,43
topSpin,8,10,"0.0, 1.0, 6.0, 7.0, 2.0, 3.0, 4.0, 5.0","0.0, 1.0, 2.0, 3.0, 4.0, 5.0, 6.0, 7.0",3,4,127,25
topSpin,8,10,"0.0, 1.0, 6.0, 7.0, 2.0, 3.0, 4.0, 5.0","0.0, 1.0, 2.0, 3.0, 4.0, 5.0, 6.0, 7.0",4,4,127,25
topSpin,8,10,"0.0, 1.0, 6.0, 7.0, 2.0, 3.0, 4.0, 5.0","0.0, 1.0, 2.0, 3.0, 4.0, 5.0, 6.0, 7.0",5,4,127,25
topSpin,8,10,"0.0, 1.0, 6.0, 7.0, 2.0, 3.0, 4.0, 5.0","0.0, 1.0, 2.0, 3.0, 4.0, 5.0, 6.0, 7.0",6,4,57,9
topSpin,8,11,"6.0, 3.0, 4.0, 5.0, 0.0, 1.0, 2.0, 7.0","0.0, 1.0, 2.0, 3.0, 4.0, 5.0, 6.0, 7.0",1,5,404,171
topSpin,8,11,"6.0, 3.0, 4.0, 5.0, 0.0, 1.0, 2.0, 7.0","0.0, 1.0, 2.0, 3.0, 4.0, 5.0, 6.0, 7.0",2,5,292,82
topSpin,8,11,"6.0, 3.0, 4.0, 5.0, 0.0, 1.0, 2.0, 7.0","0.0, 1.0, 2.0, 3.0, 4.0, 5.0, 6.0, 7.0",3,5,236,51
topSpin,8,11,"6.0, 3.0, 4.0, 5.0, 0.0, 1.0, 2.0, 7.0","0.0, 1.0, 2.0, 3.0, 4.0, 5.0, 6.0, 7.0",4,5,236,51
topSpin,8,11,"6.0, 3.0, 4.0, 5.0, 0.0, 1.0, 2.0, 7.0","0.0, 1.0, 2.0, 3.0, 4.0, 5.0, 6.0, 7.0",5,5,194,41
topSpin,8,11,"6.0, 3.0, 4.0, 5.0, 0.0, 1.0, 2.0, 7.0","0.0, 1.0, 2.0, 3.0, 4.0, 5.0, 6.0, 7.0",6,5,132,23
topSpin,8,11,"6.0, 3.0, 4.0, 5.0, 0.0, 1.0, 2.0, 7.0","0.0, 1.0, 2.0, 3.0, 4.0, 5.0, 6.0, 7.0",7,5,132,23
topSpin,8,11,"6.0, 3.0, 4.0, 5.0, 0.0, 1.0, 2.0, 7.0","0.0, 1.0, 2.0, 3.0, 4.0, 5.0, 6.0, 7.0",8,5,132,23
topSpin,8,11,"6.0, 3.0, 4.0, 5.0, 0.0, 1.0, 2.0, 7.0","0.0, 1.0, 2.0, 3.0, 4.0, 5.0, 6.0, 7.0",9,5,75,12
topSpin,8,12,"4.0, 7.0, 6.0, 5.0, 2.0, 3.0, 0.0, 1.0","0.0, 1.0, 2.0, 3.0, 4.0, 5.0, 6.0, 7.0",1,5,411,176
topSpin,8,12,"4.0, 7.0, 6.0, 5.0, 2.0, 3.0, 0.0, 1.0","0.0, 1.0, 2.0, 3.0, 4.0, 5.0, 6.0, 7.0",2,5,306,89
topSpin,8,12,"4.0, 7.0, 6.0, 5.0, 2.0, 3.0, 0.0, 1.0","0.0, 1.0, 2.0, 3.0, 4.0, 5.0, 6.0, 7.0",3,5,210,44
topSpin,8,12,"4.0, 7.0, 6.0, 5.0, 2.0, 3.0, 0.0, 1.0","0.0, 1.0, 2.0, 3.0, 4.0, 5.0, 6.0, 7.0",4,5,210,44
topSpin,8,12,"4.0, 7.0, 6.0, 5.0, 2.0, 3.0, 0.0, 1.0","0.0, 1.0, 2.0, 3.0, 4.0, 5.0, 6.0, 7.0",5,5,178,36
topSpin,8,12,"4.0, 7.0, 6.0, 5.0, 2.0, 3.0, 0.0, 1.0","0.0, 1.0, 2.0, 3.0, 4.0, 5.0, 6.0, 7.0",6,5,105,17
topSpin,8,12,"4.0, 7.0, 6.0, 5.0, 2.0, 3.0, 0.0, 1.0","0.0, 1.0, 2.0, 3.0, 4.0, 5.0, 6.0, 7.0",7,5,105,17
topSpin,8,12,"4.0, 7.0, 6.0, 5.0, 2.0, 3.0, 0.0, 1.0","0.0, 1.0, 2.0, 3.0, 4.0, 5.0, 6.0, 7.0",8,5,105,17
topSpin,8,12,"4.0, 7.0, 6.0, 5.0, 2.0, 3.0, 0.0, 1.0","0.0, 1.0, 2.0, 3.0, 4.0, 5.0, 6.0, 7.0",9,5,149,25
topSpin,8,12,"4.0, 7.0, 6.0, 5.0, 2.0, 3.0, 0.0, 1.0","0.0, 1.0, 2.0, 3.0, 4.0, 5.0, 6.0, 7.0",10,5,149,25
topSpin,8,12,"4.0, 7.0, 6.0, 5.0, 2.0, 3.0, 0.0, 1.0","0.0, 1.0, 2.0, 3.0, 4.0, 5.0, 6.0, 7.0",11,5,149,25
topSpin,8,12,"4.0, 7.0, 6.0, 5.0, 2.0, 3.0, 0.0, 1.0","0.0, 1.0, 2.0, 3.0, 4.0, 5.0, 6.0, 7.0",12,7,86,14
topSpin,8,13,"0.0, 1.0, 4.0, 3.0, 2.0, 7.0, 6.0, 5.0","0.0, 1.0, 2.0, 3.0, 4.0, 5.0, 6.0, 7.0",1,2,32,5
topSpin,8,13,"0.0, 1.0, 4.0, 3.0, 2.0, 7.0, 6.0, 5.0","0.0, 1.0, 2.0, 3.0, 4.0, 5.0, 6.0, 7.0",2,2,15,2
topSpin,8,14,"6.0, 3.0, 4.0, 1.0, 2.0, 5.0, 0.0, 7.0","0.0, 1.0, 2.0, 3.0, 4.0, 5.0, 6.0, 7.0",1,3,89,18
topSpin,8,14,"6.0, 3.0, 4.0, 1.0, 2.0, 5.0, 0.0, 7.0","0.0, 1.0, 2.0, 3.0, 4.0, 5.0, 6.0, 7.0",2,3,38,6
topSpin,8,14,"6.0, 3.0, 4.0, 1.0, 2.0, 5.0, 0.0, 7.0","0.0, 1.0, 2.0, 3.0, 4.0, 5.0, 6.0, 7.0",3,3,27,4
topSpin,8,15,"2.0, 1.0, 4.0, 3.0, 6.0, 7.0, 0.0, 5.0","0.0, 1.0, 2.0, 3.0, 4.0, 5.0, 6.0, 7.0",1,4,224,66
topSpin,8,15,"2.0, 1.0, 4.0, 3.0, 6.0, 7.0, 0.0, 5.0","0.0, 1.0, 2.0, 3.0, 4.0, 5.0, 6.0, 7.0",2,4,133,29
topSpin,8,15,"2.0, 1.0, 4.0, 3.0, 6.0, 7.0, 0.0, 5.0","0.0, 1.0, 2.0, 3.0, 4.0, 5.0, 6.0, 7.0",3,4,83,15
topSpin,8,16,"0.0, 3.0, 4.0, 1.0, 2.0, 5.0, 6.0, 7.0","0.0, 1.0, 2.0, 3.0, 4.0, 5.0, 6.0, 7.0",1,2,32,5
topSpin,8,16,"0.0, 3.0, 4.0, 1.0, 2.0, 5.0, 6.0, 7.0","0.0, 1.0, 2.0, 3.0, 4.0, 5.0, 6.0, 7.0",2,2,22,3
topSpin,8,17,"2.0, 3.0, 6.0, 1.0, 0.0, 5.0, 4.0, 7.0","0.0, 1.0, 2.0, 3.0, 4.0, 5.0, 6.0, 7.0",1,4,232,69
topSpin,8,17,"2.0, 3.0, 6.0, 1.0, 0.0, 5.0, 4.0, 7.0","0.0, 1.0, 2.0, 3.0, 4.0, 5.0, 6.0, 7.0",2,4,188,40
topSpin,8,17,"2.0, 3.0, 6.0, 1.0, 0.0, 5.0, 4.0, 7.0","0.0, 1.0, 2.0, 3.0, 4.0, 5.0, 6.0, 7.0",3,4,87,15
topSpin,8,17,"2.0, 3.0, 6.0, 1.0, 0.0, 5.0, 4.0, 7.0","0.0, 1.0, 2.0, 3.0, 4.0, 5.0, 6.0, 7.0",4,4,87,15
topSpin,8,17,"2.0, 3.0, 6.0, 1.0, 0.0, 5.0, 4.0, 7.0","0.0, 1.0, 2.0, 3.0, 4.0, 5.0, 6.0, 7.0",5,4,87,15
topSpin,8,17,"2.0, 3.0, 6.0, 1.0, 0.0, 5.0, 4.0, 7.0","0.0, 1.0, 2.0, 3.0, 4.0, 5.0, 6.0, 7.0",6,4,134,25
topSpin,8,17,"2.0, 3.0, 6.0, 1.0, 0.0, 5.0, 4.0, 7.0","0.0, 1.0, 2.0, 3.0, 4.0, 5.0, 6.0, 7.0",7,4,134,25
topSpin,8,17,"2.0, 3.0, 6.0, 1.0, 0.0, 5.0, 4.0, 7.0","0.0, 1.0, 2.0, 3.0, 4.0, 5.0, 6.0, 7.0",8,4,134,25
topSpin,8,17,"2.0, 3.0, 6.0, 1.0, 0.0, 5.0, 4.0, 7.0","0.0, 1.0, 2.0, 3.0, 4.0, 5.0, 6.0, 7.0",9,4,187,37
topSpin,8,17,"2.0, 3.0, 6.0, 1.0, 0.0, 5.0, 4.0, 7.0","0.0, 1.0, 2.0, 3.0, 4.0, 5.0, 6.0, 7.0",10,4,187,37
topSpin,8,17,"2.0, 3.0, 6.0, 1.0, 0.0, 5.0, 4.0, 7.0","0.0, 1.0, 2.0, 3.0, 4.0, 5.0, 6.0, 7.0",11,4,187,37
topSpin,8,17,"2.0, 3.0, 6.0, 1.0, 0.0, 5.0, 4.0, 7.0","0.0, 1.0, 2.0, 3.0, 4.0, 5.0, 6.0, 7.0",12,4,232,48
topSpin,8,17,"2.0, 3.0, 6.0, 1.0, 0.0, 5.0, 4.0, 7.0","0.0, 1.0, 2.0, 3.0, 4.0, 5.0, 6.0, 7.0",13,4,232,48
topSpin,8,17,"2.0, 3.0, 6.0, 1.0, 0.0, 5.0, 4.0, 7.0","0.0, 1.0, 2.0, 3.0, 4.0, 5.0, 6.0, 7.0",14,4,232,48
topSpin,8,17,"2.0, 3.0, 6.0, 1.0, 0.0, 5.0, 4.0, 7.0","0.0, 1.0, 2.0, 3.0, 4.0, 5.0, 6.0, 7.0",15,4,244,50
topSpin,8,18,"6.0, 7.0, 0.0, 3.0, 4.0, 5.0, 2.0, 1.0","0.0, 1.0, 2.0, 3.0, 4.0, 5.0, 6.0, 7.0",1,3,62,12
topSpin,8,18,"6.0, 7.0, 0.0, 3.0, 4.0, 5.0, 2.0, 1.0","0.0, 1.0, 2.0, 3.0, 4.0, 5.0, 6.0, 7.0",2,3,34,5
topSpin,8,18,"6.0, 7.0, 0.0, 3.0, 4.0, 5.0, 2.0, 1.0","0.0, 1.0, 2.0, 3.0, 4.0, 5.0, 6.0, 7.0",3,3,28,4
topSpin,8,19,"0.0, 3.0, 2.0, 7.0, 4.0, 5.0, 6.0, 1.0","0.0, 1.0, 2.0, 3.0, 4.0, 5.0, 6.0, 7.0",1,2,27,4
topSpin,8,19,"0.0, 3.0, 2.0, 7.0, 4.0, 5.0, 6.0, 1.0","0.0, 1.0, 2.0, 3.0, 4.0, 5.0, 6.0, 7.0",2,2,15,2
topSpin,8,20,"4.0, 1.0, 2.0, 5.0, 6.0, 7.0, 0.0, 3.0","0.0, 1.0, 2.0, 3.0, 4.0, 5.0, 6.0, 7.0",1,4,212,61
topSpin,8,20,"4.0, 1.0, 2.0, 5.0, 6.0, 7.0, 0.0, 3.0","0.0, 1.0, 2.0, 3.0, 4.0, 5.0, 6.0, 7.0",2,4,181,37
topSpin,8,20,"4.0, 1.0, 2.0, 5.0, 6.0, 7.0, 0.0, 3.0","0.0, 1.0, 2.0, 3.0, 4.0, 5.0, 6.0, 7.0",3,4,133,24
topSpin,8,20,"4.0, 1.0, 2.0, 5.0, 6.0, 7.0, 0.0, 3.0","0.0, 1.0, 2.0, 3.0, 4.0, 5.0, 6.0, 7.0",4,4,133,24
topSpin,8,20,"4.0, 1.0, 2.0, 5.0, 6.0, 7.0, 0.0, 3.0","0.0, 1.0, 2.0, 3.0, 4.0, 5.0, 6.0, 7.0",5,4,133,24
topSpin,8,20,"4.0, 1.0, 2.0, 5.0, 6.0, 7.0, 0.0, 3.0","0.0, 1.0, 2.0, 3.0, 4.0, 5.0, 6.0, 7.0",6,4,92,15
topSpin,8,21,"0.0, 5.0, 2.0, 1.0, 6.0, 3.0, 4.0, 7.0","0.0, 1.0, 2.0, 3.0, 4.0, 5.0, 6.0, 7.0",1,3,112,25
topSpin,8,21,"0.0, 5.0, 2.0, 1.0, 6.0, 3.0, 4.0, 7.0","0.0, 1.0, 2.0, 3.0, 4.0, 5.0, 6.0, 7.0",2,3,87,16
topSpin,8,21,"0.0, 5.0, 2.0, 1.0, 6.0, 3.0, 4.0, 7.0","0.0, 1.0, 2.0, 3.0, 4.0, 5.0, 6.0, 7.0",3,3,78,13
topSpin,8,22,"0.0, 7.0, 2.0, 1.0, 4.0, 3.0, 6.0, 5.0","0.0, 1.0, 2.0, 3.0, 4.0, 5.0, 6.0, 7.0",1,3,109,24
topSpin,8,22,"0.0, 7.0, 2.0, 1.0, 4.0, 3.0, 6.0, 5.0","0.0, 1.0, 2.0, 3.0, 4.0, 5.0, 6.0, 7.0",2,3,76,14
topSpin,8,22,"0.0, 7.0, 2.0, 1.0, 4.0, 3.0, 6.0, 5.0","0.0, 1.0, 2.0, 3.0, 4.0, 5.0, 6.0, 7.0",3,3,65,11
topSpin,8,22,"0.0, 7.0, 2.0, 1.0, 4.0, 3.0, 6.0, 5.0","0.0, 1.0, 2.0, 3.0, 4.0, 5.0, 6.0, 7.0",4,3,65,11
topSpin,8,22,"0.0, 7.0, 2.0, 1.0, 4.0, 3.0, 6.0, 5.0","0.0, 1.0, 2.0, 3.0, 4.0, 5.0, 6.0, 7.0",5,3,65,11
topSpin,8,22,"0.0, 7.0, 2.0, 1.0, 4.0, 3.0, 6.0, 5.0","0.0, 1.0, 2.0, 3.0, 4.0, 5.0, 6.0, 7.0",6,3,86,15
topSpin,8,22,"0.0, 7.0, 2.0, 1.0, 4.0, 3.0, 6.0, 5.0","0.0, 1.0, 2.0, 3.0, 4.0, 5.0, 6.0, 7.0",7,3,86,15
topSpin,8,22,"0.0, 7.0, 2.0, 1.0, 4.0, 3.0, 6.0, 5.0","0.0, 1.0, 2.0, 3.0, 4.0, 5.0, 6.0, 7.0",8,3,86,15
topSpin,8,22,"0.0, 7.0, 2.0, 1.0, 4.0, 3.0, 6.0, 5.0","0.0, 1.0, 2.0, 3.0, 4.0, 5.0, 6.0, 7.0",9,5,64,11
topSpin,8,23,"0.0, 7.0, 4.0, 3.0, 6.0, 1.0, 2.0, 5.0","0.0, 1.0, 2.0, 3.0, 4.0, 5.0, 6.0, 7.0",1,4,237,70
topSpin,8,23,"0.0, 7.0, 4.0, 3.0, 6.0, 1.0, 2.0, 5.0","0.0, 1.0, 2.0, 3.0, 4.0, 5.0, 6.0, 7.0",2,4,243,65
topSpin,8,23,"0.0, 7.0, 4.0, 3.0, 6.0, 1.0, 2.0, 5.0","0.0, 1.0, 2.0, 3.0, 4.0, 5.0, 6.0, 7.0",3,6,429,130
topSpin,8,23,"0.0, 7.0, 4.0, 3.0, 6.0, 1.0, 2.0, 5.0","0.0, 1.0, 2.0, 3.0, 4.0, 5.0, 6.0, 7.0",4,6,428,133
topSpin,8,23,"0.0, 7.0, 4.0, 3.0, 6.0, 1.0, 2.0, 5.0","0.0, 1.0, 2.0, 3.0, 4.0, 5.0, 6.0, 7.0",5,6,356,103
topSpin,8,23,"0.0, 7.0, 4.0, 3.0, 6.0, 1.0, 2.0, 5.0","0.0, 1.0, 2.0, 3.0, 4.0, 5.0, 6.0, 7.0",6,6,280,61
topSpin,8,23,"0.0, 7.0, 4.0, 3.0, 6.0, 1.0, 2.0, 5.0","0.0, 1.0, 2.0, 3.0, 4.0, 5.0, 6.0, 7.0",7,6,280,61
topSpin,8,23,"0.0, 7.0, 4.0, 3.0, 6.0, 1.0, 2.0, 5.0","0.0, 1.0, 2.0, 3.0, 4.0, 5.0, 6.0, 7.0",8,6,280,61
topSpin,8,23,"0.0, 7.0, 4.0, 3.0, 6.0, 1.0, 2.0, 5.0","0.0, 1.0, 2.0, 3.0, 4.0, 5.0, 6.0, 7.0",9,6,255,55
topSpin,8,23,"0.0, 7.0, 4.0, 3.0, 6.0, 1.0, 2.0, 5.0","0.0, 1.0, 2.0, 3.0, 4.0, 5.0, 6.0, 7.0",10,6,255,55
topSpin,8,23,"0.0, 7.0, 4.0, 3.0, 6.0, 1.0, 2.0, 5.0","0.0, 1.0, 2.0, 3.0, 4.0, 5.0, 6.0, 7.0",11,6,255,55
topSpin,8,23,"0.0, 7.0, 4.0, 3.0, 6.0, 1.0, 2.0, 5.0","0.0, 1.0, 2.0, 3.0, 4.0, 5.0, 6.0, 7.0",12,6,263,56
topSpin,8,24,"2.0, 5.0, 6.0, 7.0, 4.0, 1.0, 0.0, 3.0","0.0, 1.0, 2.0, 3.0, 4.0, 5.0, 6.0, 7.0",1,6,532,342
topSpin,8,24,"2.0, 5.0, 6.0, 7.0, 4.0, 1.0, 0.0, 3.0","0.0, 1.0, 2.0, 3.0, 4.0, 5.0, 6.0, 7.0",2,6,496,215
topSpin,8,24,"2.0, 5.0, 6.0, 7.0, 4.0, 1.0, 0.0, 3.0","0.0, 1.0, 2.0, 3.0, 4.0, 5.0, 6.0, 7.0",3,6,429,126
topSpin,8,24,"2.0, 5.0, 6.0, 7.0, 4.0, 1.0, 0.0, 3.0","0.0, 1.0, 2.0, 3.0, 4.0, 5.0, 6.0, 7.0",4,6,411,121
topSpin,8,24,"2.0, 5.0, 6.0, 7.0, 4.0, 1.0, 0.0, 3.0","0.0, 1.0, 2.0, 3.0, 4.0, 5.0, 6.0, 7.0",5,6,379,106
topSpin,8,24,"2.0, 5.0, 6.0, 7.0, 4.0, 1.0, 0.0, 3.0","0.0, 1.0, 2.0, 3.0, 4.0, 5.0, 6.0, 7.0",6,6,391,90
topSpin,8,24,"2.0, 5.0, 6.0, 7.0, 4.0, 1.0, 0.0, 3.0","0.0, 1.0, 2.0, 3.0, 4.0, 5.0, 6.0, 7.0",7,6,391,90
topSpin,8,24,"2.0, 5.0, 6.0, 7.0, 4.0, 1.0, 0.0, 3.0","0.0, 1.0, 2.0, 3.0, 4.0, 5.0, 6.0, 7.0",8,6,391,90
topSpin,8,24,"2.0, 5.0, 6.0, 7.0, 4.0, 1.0, 0.0, 3.0","0.0, 1.0, 2.0, 3.0, 4.0, 5.0, 6.0, 7.0",9,6,413,98
topSpin,8,24,"2.0, 5.0, 6.0, 7.0, 4.0, 1.0, 0.0, 3.0","0.0, 1.0, 2.0, 3.0, 4.0, 5.0, 6.0, 7.0",10,6,413,98
topSpin,8,24,"2.0, 5.0, 6.0, 7.0, 4.0, 1.0, 0.0, 3.0","0.0, 1.0, 2.0, 3.0, 4.0, 5.0, 6.0, 7.0",11,6,413,98
topSpin,8,24,"2.0, 5.0, 6.0, 7.0, 4.0, 1.0, 0.0, 3.0","0.0, 1.0, 2.0, 3.0, 4.0, 5.0, 6.0, 7.0",12,8,344,76
topSpin,8,24,"2.0, 5.0, 6.0, 7.0, 4.0, 1.0, 0.0, 3.0","0.0, 1.0, 2.0, 3.0, 4.0, 5.0, 6.0, 7.0",13,8,344,76
topSpin,8,24,"2.0, 5.0, 6.0, 7.0, 4.0, 1.0, 0.0, 3.0","0.0, 1.0, 2.0, 3.0, 4.0, 5.0, 6.0, 7.0",14,8,344,76
topSpin,8,24,"2.0, 5.0, 6.0, 7.0, 4.0, 1.0, 0.0, 3.0","0.0, 1.0, 2.0, 3.0, 4.0, 5.0, 6.0, 7.0",15,8,318,69
topSpin,8,25,"4.0, 5.0, 0.0, 7.0, 6.0, 3.0, 2.0, 1.0","0.0, 1.0, 2.0, 3.0, 4.0, 5.0, 6.0, 7.0",1,6,537,343
topSpin,8,25,"4.0, 5.0, 0.0, 7.0, 6.0, 3.0, 2.0, 1.0","0.0, 1.0, 2.0, 3.0, 4.0, 5.0, 6.0, 7.0",2,6,477,203
topSpin,8,25,"4.0, 5.0, 0.0, 7.0, 6.0, 3.0, 2.0, 1.0","0.0, 1.0, 2.0, 3.0, 4.0, 5.0, 6.0, 7.0",3,6,450,137
topSpin,8,25,"4.0, 5.0, 0.0, 7.0, 6.0, 3.0, 2.0, 1.0","0.0, 1.0, 2.0, 3.0, 4.0, 5.0, 6.0, 7.0",4,6,440,134
topSpin,8,25,"4.0, 5.0, 0.0, 7.0, 6.0, 3.0, 2.0, 1.0","0.0, 1.0, 2.0, 3.0, 4.0, 5.0, 6.0, 7.0",5,6,401,112
topSpin,8,25,"4.0, 5.0, 0.0, 7.0, 6.0, 3.0, 2.0, 1.0","0.0, 1.0, 2.0, 3.0, 4.0, 5.0, 6.0, 7.0",6,6,615,178
topSpin,8,25,"4.0, 5.0, 0.0, 7.0, 6.0, 3.0, 2.0, 1.0","0.0, 1.0, 2.0, 3.0, 4.0, 5.0, 6.0, 7.0",7,6,615,178
topSpin,8,25,"4.0, 5.0, 0.0, 7.0, 6.0, 3.0, 2.0, 1.0","0.0, 1.0, 2.0, 3.0, 4.0, 5.0, 6.0, 7.0",8,8,579,164
topSpin,8,25,"4.0, 5.0, 0.0, 7.0, 6.0, 3.0, 2.0, 1.0","0.0, 1.0, 2.0, 3.0, 4.0, 5.0, 6.0, 7.0",9,8,504,125
topSpin,8,25,"4.0, 5.0, 0.0, 7.0, 6.0, 3.0, 2.0, 1.0","0.0, 1.0, 2.0, 3.0, 4.0, 5.0, 6.0, 7.0",10,8,504,125
topSpin,8,25,"4.0, 5.0, 0.0, 7.0, 6.0, 3.0, 2.0, 1.0","0.0, 1.0, 2.0, 3.0, 4.0, 5.0, 6.0, 7.0",11,8,504,125
topSpin,8,25,"4.0, 5.0, 0.0, 7.0, 6.0, 3.0, 2.0, 1.0","0.0, 1.0, 2.0, 3.0, 4.0, 5.0, 6.0, 7.0",12,8,379,84
topSpin,8,25,"4.0, 5.0, 0.0, 7.0, 6.0, 3.0, 2.0, 1.0","0.0, 1.0, 2.0, 3.0, 4.0, 5.0, 6.0, 7.0",13,8,379,84
topSpin,8,25,"4.0, 5.0, 0.0, 7.0, 6.0, 3.0, 2.0, 1.0","0.0, 1.0, 2.0, 3.0, 4.0, 5.0, 6.0, 7.0",14,8,379,84
topSpin,8,25,"4.0, 5.0, 0.0, 7.0, 6.0, 3.0, 2.0, 1.0","0.0, 1.0, 2.0, 3.0, 4.0, 5.0, 6.0, 7.0",15,8,267,52
topSpin,8,25,"4.0, 5.0, 0.0, 7.0, 6.0, 3.0, 2.0, 1.0","0.0, 1.0, 2.0, 3.0, 4.0, 5.0, 6.0, 7.0",16,8,267,52
topSpin,8,25,"4.0, 5.0, 0.0, 7.0, 6.0, 3.0, 2.0, 1.0","0.0, 1.0, 2.0, 3.0, 4.0, 5.0, 6.0, 7.0",17,8,267,52
topSpin,8,25,"4.0, 5.0, 0.0, 7.0, 6.0, 3.0, 2.0, 1.0","0.0, 1.0, 2.0, 3.0, 4.0, 5.0, 6.0, 7.0",18,8,133,22
topSpin,8,26,"4.0, 1.0, 0.0, 5.0, 6.0, 3.0, 2.0, 7.0","0.0, 1.0, 2.0, 3.0, 4.0, 5.0, 6.0, 7.0",1,4,236,70
topSpin,8,26,"4.0, 1.0, 0.0, 5.0, 6.0, 3.0, 2.0, 7.0","0.0, 1.0, 2.0, 3.0, 4.0, 5.0, 6.0, 7.0",2,4,130,31
topSpin,8,26,"4.0, 1.0, 0.0, 5.0, 6.0, 3.0, 2.0, 7.0","0.0, 1.0, 2.0, 3.0, 4.0, 5.0, 6.0, 7.0",3,4,80,15
topSpin,8,26,"4.0, 1.0, 0.0, 5.0, 6.0, 3.0, 2.0, 7.0","0.0, 1.0, 2.0, 3.0, 4.0, 5.0, 6.0, 7.0",4,4,80,15
topSpin,8,26,"4.0, 1.0, 0.0, 5.0, 6.0, 3.0, 2.0, 7.0","0.0, 1.0, 2.0, 3.0, 4.0, 5.0, 6.0, 7.0",5,4,80,15
topSpin,8,26,"4.0, 1.0, 0.0, 5.0, 6.0, 3.0, 2.0, 7.0","0.0, 1.0, 2.0, 3.0, 4.0, 5.0, 6.0, 7.0",6,4,43,7
topSpin,8,27,"2.0, 1.0, 4.0, 5.0, 0.0, 3.0, 6.0, 7.0","0.0, 1.0, 2.0, 3.0, 4.0, 5.0, 6.0, 7.0",1,3,88,17
topSpin,8,27,"2.0, 1.0, 4.0, 5.0, 0.0, 3.0, 6.0, 7.0","0.0, 1.0, 2.0, 3.0, 4.0, 5.0, 6.0, 7.0",2,3,80,14
topSpin,8,27,"2.0, 1.0, 4.0, 5.0, 0.0, 3.0, 6.0, 7.0","0.0, 1.0, 2.0, 3.0, 4.0, 5.0, 6.0, 7.0",3,3,104,19
topSpin,8,27,"2.0, 1.0, 4.0, 5.0, 0.0, 3.0, 6.0, 7.0","0.0, 1.0, 2.0, 3.0, 4.0, 5.0, 6.0, 7.0",4,3,104,19
topSpin,8,27,"2.0, 1.0, 4.0, 5.0, 0.0, 3.0, 6.0, 7.0","0.0, 1.0, 2.0, 3.0, 4.0, 5.0, 6.0, 7.0",5,3,104,19
topSpin,8,27,"2.0, 1.0, 4.0, 5.0, 0.0, 3.0, 6.0, 7.0","0.0, 1.0, 2.0, 3.0, 4.0, 5.0, 6.0, 7.0",6,3,119,22
topSpin,8,27,"2.0, 1.0, 4.0, 5.0, 0.0, 3.0, 6.0, 7.0","0.0, 1.0, 2.0, 3.0, 4.0, 5.0, 6.0, 7.0",7,3,119,22
topSpin,8,27,"2.0, 1.0, 4.0, 5.0, 0.0, 3.0, 6.0, 7.0","0.0, 1.0, 2.0, 3.0, 4.0, 5.0, 6.0, 7.0",8,3,119,22
topSpin,8,27,"2.0, 1.0, 4.0, 5.0, 0.0, 3.0, 6.0, 7.0","0.0, 1.0, 2.0, 3.0, 4.0, 5.0, 6.0, 7.0",9,5,158,30
topSpin,8,27,"2.0, 1.0, 4.0, 5.0, 0.0, 3.0, 6.0, 7.0","0.0, 1.0, 2.0, 3.0, 4.0, 5.0, 6.0, 7.0",10,5,158,30
topSpin,8,27,"2.0, 1.0, 4.0, 5.0, 0.0, 3.0, 6.0, 7.0","0.0, 1.0, 2.0, 3.0, 4.0, 5.0, 6.0, 7.0",11,5,158,30
topSpin,8,27,"2.0, 1.0, 4.0, 5.0, 0.0, 3.0, 6.0, 7.0","0.0, 1.0, 2.0, 3.0, 4.0, 5.0, 6.0, 7.0",12,5,169,33
topSpin,8,27,"2.0, 1.0, 4.0, 5.0, 0.0, 3.0, 6.0, 7.0","0.0, 1.0, 2.0, 3.0, 4.0, 5.0, 6.0, 7.0",13,5,169,33
topSpin,8,27,"2.0, 1.0, 4.0, 5.0, 0.0, 3.0, 6.0, 7.0","0.0, 1.0, 2.0, 3.0, 4.0, 5.0, 6.0, 7.0",14,5,169,33
topSpin,8,27,"2.0, 1.0, 4.0, 5.0, 0.0, 3.0, 6.0, 7.0","0.0, 1.0, 2.0, 3.0, 4.0, 5.0, 6.0, 7.0",15,5,183,36
topSpin,8,28,"2.0, 3.0, 0.0, 1.0, 6.0, 7.0, 4.0, 5.0","0.0, 1.0, 2.0, 3.0, 4.0, 5.0, 6.0, 7.0",1,4,247,75
topSpin,8,28,"2.0, 3.0, 0.0, 1.0, 6.0, 7.0, 4.0, 5.0","0.0, 1.0, 2.0, 3.0, 4.0, 5.0, 6.0, 7.0",2,4,195,43
topSpin,8,28,"2.0, 3.0, 0.0, 1.0, 6.0, 7.0, 4.0, 5.0","0.0, 1.0, 2.0, 3.0, 4.0, 5.0, 6.0, 7.0",3,4,137,26
topSpin,8,28,"2.0, 3.0, 0.0, 1.0, 6.0, 7.0, 4.0, 5.0","0.0, 1.0, 2.0, 3.0, 4.0, 5.0, 6.0, 7.0",4,4,137,26
topSpin,8,28,"2.0, 3.0, 0.0, 1.0, 6.0, 7.0, 4.0, 5.0","0.0, 1.0, 2.0, 3.0, 4.0, 5.0, 6.0, 7.0",5,4,137,26
topSpin,8,28,"2.0, 3.0, 0.0, 1.0, 6.0, 7.0, 4.0, 5.0","0.0, 1.0, 2.0, 3.0, 4.0, 5.0, 6.0, 7.0",6,4,45,7
topSpin,8,29,"2.0, 1.0, 6.0, 7.0, 0.0, 3.0, 4.0, 5.0","0.0, 1.0, 2.0, 3.0, 4.0, 5.0, 6.0, 7.0",1,5,402,172
topSpin,8,29,"2.0, 1.0, 6.0, 7.0, 0.0, 3.0, 4.0, 5.0","0.0, 1.0, 2.0, 3.0, 4.0, 5.0, 6.0, 7.0",2,5,347,101
topSpin,8,29,"2.0, 1.0, 6.0, 7.0, 0.0, 3.0, 4.0, 5.0","0.0, 1.0, 2.0, 3.0, 4.0, 5.0, 6.0, 7.0",3,5,280,63
topSpin,8,29,"2.0, 1.0, 6.0, 7.0, 0.0, 3.0, 4.0, 5.0","0.0, 1.0, 2.0, 3.0, 4.0, 5.0, 6.0, 7.0",4,5,280,63
topSpin,8,29,"2.0, 1.0, 6.0, 7.0, 0.0, 3.0, 4.0, 5.0","0.0, 1.0, 2.0, 3.0, 4.0, 5.0, 6.0, 7.0",5,5,212,44
topSpin,8,29,"2.0, 1.0, 6.0, 7.0, 0.0, 3.0, 4.0, 5.0","0.0, 1.0, 2.0, 3.0, 4.0, 5.0, 6.0, 7.0",6,5,133,24
topSpin,8,29,"2.0, 1.0, 6.0, 7.0, 0.0, 3.0, 4.0, 5.0","0.0, 1.0, 2.0, 3.0, 4.0, 5.0, 6.0, 7.0",7,5,133,24
topSpin,8,29,"2.0, 1.0, 6.0, 7.0, 0.0, 3.0, 4.0, 5.0","0.0, 1.0, 2.0, 3.0, 4.0, 5.0, 6.0, 7.0",8,5,133,24
topSpin,8,29,"2.0, 1.0, 6.0, 7.0, 0.0, 3.0, 4.0, 5.0","0.0, 1.0, 2.0, 3.0, 4.0, 5.0, 6.0, 7.0",9,5,155,29
topSpin,8,29,"2.0, 1.0, 6.0, 7.0, 0.0, 3.0, 4.0, 5.0","0.0, 1.0, 2.0, 3.0, 4.0, 5.0, 6.0, 7.0",10,5,155,29
topSpin,8,29,"2.0, 1.0, 6.0, 7.0, 0.0, 3.0, 4.0, 5.0","0.0, 1.0, 2.0, 3.0, 4.0, 5.0, 6.0, 7.0",11,5,155,29
topSpin,8,29,"2.0, 1.0, 6.0, 7.0, 0.0, 3.0, 4.0, 5.0","0.0, 1.0, 2.0, 3.0, 4.0, 5.0, 6.0, 7.0",12,7,221,44
